index,name,unit,gpo,chp,gp,diesel,gasoline,kerosene,transport
1,CO2,kg,1.499,1.114658177,0.948,10.01960882,4.12694379,10.37387151,1.3825
2,CH4,g,0.493,0.379359954,0.033,1.44,1.26,0.011942833,0.054583
3,N2O,g,0.066,0.049787619,0.094,0.26,0.22,0.02344062,0.0022302
4,CO,g,4.755,1.599517325,0.071,30.95486975,2130.338932,12.16043828,0.52641
5,NOx,g,0.927,0.568259558,0.078,8.423820918,28.7037657,51.26667021,1.3
6,PM10,g,2.814,0.067495123,0.024,0.160770303,17.24470074,0.629120384,0.028863
7,PM25,g,1.976,0.05789848,0.012,0.147908642,13.0293295,0.527063007,0.026554
8,SOx,g,0.654,0.117906099,0.412,0.108403867,0.142745065,4.604767761,0.0095314
9,VOC,g,0.135,0.048329465,0.07,1.241944048,280.8740049,2.355695964,0.050645
