index,name,unit,gpo,chp,gp,diesel,gasoline,jetfuel,transport,construction,equipment
1,CO2,kg,1.589531927,1.114658177,0.948,22.72140016,6.248946441,11.47657151,2.6706,559.2,560
2,CH4,g,0.539646004,0.379359954,0.033,17.2453,14.1045,12.45204283,3.2,1823.809524,1976.190476
3,N2O,g,0.070824678,0.049787619,0.094,0.3052173,0.545,0.04228042,0.0093329,31.22580645,17.74193548
4,CO,g,1.3040968,1.599434423,0.071,96.48953098,2746.439297,13.39653828,3.6,4210,3330
5,NOx,g,0.808974654,0.568259558,0.078,16.29367482,48.15215306,53.17357021,2.6,1560,1840
6,PM10,g,0.134473479,0.06747694,0.024,0.730447845,32.31071629,0.751620384,0.042566,3690,536
7,PM25,g,0.120914794,0.057925012,0.012,0.662052017,24.41789897,0.630963077,0.036401,653,213
8,SOx,g,0.175284614,0.117906099,0.412,2.660716136,2.312625177,5.082967761,0.15408,956,1490
9,VOC,g,0.043849082,0.048281502,0.07,3.16572975,52.91121554,3.203695964,0.29682,598,684
