index,name,global_warming_air,acidification_air,hh_particulate_air,eutrophication_air,eutrophication_water,smog_air
1,CO2,1,0,0,0,0,0
2,CH4,25,0,0,0,0,0.014379487
3,N2O,298,0,0,0,0,0
4,CO,0,0,0.000355556,0,0,0.055622308
5,NOx,0,0.7,0.007222222,0.04429,0.291021897,24.79358974
6,PM10,0,0,0.227777778,0,0,0
7,PM2.5,0,0,1,0,0,0
8,SOx,0,1,0,0,0,0
